,song_name,class,tempo,total_beats,average_beats,chroma_stft_mean,chroma_stft_std,chroma_stft_var,chroma_cq_mean,chroma_cq_std,chroma_cq_var,chroma_cens_mean,chroma_cens_std,chroma_cens_var,melspectrogram_mean,melspectrogram_std,melspectrogram_var,mfcc_mean,mfcc_std,mfcc_var,mfcc_delta_mean,mfcc_delta_std,mfcc_delta_var,rmse_mean,rmse_std,rmse_var,cent_mean,cent_std,cent_var,spec_bw_mean,spec_bw_std,spec_bw_var,contrast_mean,contrast_std,contrast_var,rolloff_mean,rolloff_std,rolloff_var,poly_mean,poly_std,poly_var,tonnetz_mean,tonnetz_std,tonnetz_var,zcr_mean,zcr_std,zcr_var,harm_mean,harm_std,harm_var,perc_mean,perc_std,perc_var,frame_mean,frame_std,frame_var
1,Chances-Jill Barber.mp3,relax,66.25600962,78562,1227.53125,0.307315382,0.30134367,0.090808008,0.353651097,0.297036651,0.088230772,0.216105341,0.191394396,0.036631815,15.31716055,116.0967028,13478.44439,1.641481932,55.31514399,3059.765154,0.007328187,3.471373483,12.05043386,0.234704182,0.101152711,0.01023187,1101.730894,727.6427255,529463.9359,1564.91904,494.5612553,244590.8352,24.90874265,11.81209727,139.5256418,2010.967007,1574.974217,2480543.783,2.021811901,2.463506,6.068861812,0.022115619,0.107876409,0.01163732,0.042909982,0.043735024,0.001912752,-4.47E-06,0.232470229,0.05404241,-0.000120768,0.063078903,0.003978948,2.205895692,1.37778688,1.898296687
2,Ariana Grande、Jessie J、Nicki Minaj - Bang Bang.mp3,happy,151.9990809,187790,1286.232877,0.371282628,0.313925017,0.098548916,0.442870624,0.296566379,0.087951617,0.248766015,0.146454099,0.021448803,9.510394586,59.76263321,3571.572329,-0.625206827,34.97965372,1223.576174,0.008479856,3.853162468,14.84686101,0.199368402,0.084998414,0.00722473,2927.606481,810.1673244,656371.0935,2629.034721,425.6822353,181205.3654,19.92614402,7.307468575,53.39909697,5933.484954,1555.18963,2418614.786,2.632951244,3.411260343,11.63669713,0.016868114,0.089553797,0.008019883,0.143821693,0.074406385,0.00553631,5.57E-05,0.149443686,0.022333415,-4.04E-05,0.113566935,0.01289745,3.436553288,1.325084508,1.755848953
3,iggy azalea - impossible is nothing.mp3,angry,103.359375,130285,1264.902913,0.343908234,0.311964519,0.097321861,0.383522488,0.291870355,0.085188304,0.226629333,0.178808497,0.031972479,14.83793269,161.66862,26136.7427,-0.479411178,53.07013979,2816.439737,0.010562385,2.897120355,8.393306351,0.222125128,0.120525591,0.014526417,1419.474859,972.7455959,946233.9943,1787.232881,772.8631832,597317.4999,23.4803207,9.028022184,81.50518455,2788.062308,2246.027526,5044639.65,2.029189529,2.556699766,6.536713695,-0.006556101,0.09337403,0.008718709,0.056068822,0.04298066,0.001847337,6.29E-06,0.209310204,0.043810759,0.000109503,0.088969827,0.00791563,4.215582766,2.990658722,8.944039593
4,Hello Saferide - I Dont Sleep Well.mp3,relax,143.5546875,172930,1441.083333,0.248575306,0.307417814,0.094505712,0.4332118,0.280840015,0.078871114,0.242025999,0.157342776,0.024756749,4.765245396,39.38407019,1551.104985,-3.218819807,66.82487025,4465.563283,0.010628886,2.307695755,5.325459696,0.125603452,0.066736981,0.004453824,1335.174651,852.1430044,726147.6999,2004.941605,615.6050833,378969.6186,21.62301058,6.041672688,36.50180887,2624.684129,2158.118782,4657476.678,0.935602446,1.219534838,1.487265221,-0.018137567,0.082595,0.006821934,0.040599717,0.036459585,0.001329301,0.00012018,0.129226834,0.016699575,0.000645695,0.032468278,0.001054189,13.66610431,2.966420547,8.79965086
5,Cinderella Man-Eminem.mp3,angry,86.1328125,105152,1251.809524,0.501425776,0.288222795,0.08307238,0.620511935,0.227503464,0.051757826,0.280614503,0.067740934,0.004588834,11.22467757,85.06737809,7236.458816,4.643244691,24.50922869,600.7022912,0.003620713,3.157887015,9.972250398,0.219087228,0.089592814,0.008026873,2982.575033,875.6569779,766775.143,2637.3111,357.1801198,127577.638,18.15677509,6.792132328,46.13306157,6032.417689,1487.158311,2211639.843,3.122170315,3.748583938,14.05188154,0.004705645,0.04646154,0.002158675,0.160491282,0.095196835,0.009062437,-3.80E-05,0.15173997,0.023025017,6.08E-05,0.130665302,0.017073423,5.80614966,3.213330277,10.32549147
6,i'm sorry for the hating.mp3,sad,129.1992188,163672,1288.755906,0.319963366,0.294854599,0.086939235,0.399124985,0.283777421,0.080529625,0.230290399,0.174067991,0.030299666,20.88465556,105.5847017,11148.12923,4.440282722,35.3533734,1249.861011,0.011635498,2.735098882,7.480765894,0.291016251,0.074976273,0.005621441,2121.99931,893.8030519,798883.8957,2667.952583,643.7661711,414434.883,22.277266,6.026759265,36.32182724,5211.085156,2327.105204,5415418.63,2.816745304,3.139890045,9.858909492,-0.013954561,0.09875794,0.009753131,0.067002807,0.038788837,0.001504574,2.19E-06,0.265491843,0.07048592,-5.62E-06,0.083328038,0.006943563,4.400181406,2.618583994,6.856982134
7,Colbie Caillat - Try.mp3,sad,95.703125,119854,1288.752688,0.263707224,0.302449844,0.091475908,0.43631425,0.279229813,0.077969288,0.245551317,0.151782357,0.023037884,2.524522742,20.10091045,404.0466009,-7.330716876,55.0851202,3034.370468,0.010598497,2.816846767,7.93462571,0.093534581,0.053545326,0.002867102,2290.884879,1286.721036,1655651.023,2462.024056,748.8927361,560840.3301,23.6423024,7.212544504,52.02079822,4887.753778,2654.571761,7046751.237,0.937403782,1.308803289,1.712966049,-0.014243777,0.090220053,0.008139658,0.099170413,0.089293042,0.007973247,-8.91E-06,0.088488169,0.007830156,-0.000100141,0.039046139,0.001524601,2.494984127,1.196615869,1.431889537
8,OneRepublic - Everybody Loves Me.mp3,happy,172.265625,217453,1286.704142,0.463860423,0.295551995,0.087350982,0.619069341,0.235569632,0.055493051,0.274593179,0.089061323,0.007931919,10.42689392,86.62280966,7503.511154,3.536985863,40.15370082,1612.319689,0.014697697,3.083448063,9.507651959,0.191351831,0.099989131,0.009997827,2157.663033,902.5120203,814527.9468,2382.078838,561.622194,315419.4888,18.64469492,7.051369384,49.72181019,4774.062799,1961.747232,3848452.203,2.459090911,3.099786827,9.608678376,0.006547919,0.046670571,0.002178142,0.092593733,0.062755453,0.003938247,-0.000104545,0.127505079,0.016257545,0.000128138,0.116483763,0.013568467,3.003501134,1.413888855,1.999081695
9,fort minor - petrified.mp3,angry,112.3471467,130135,1626.6875,0.421325187,0.329573114,0.108618438,0.44237347,0.291152439,0.084769743,0.240630901,0.159468188,0.025430103,18.71622765,155.5338691,24190.78443,-1.151313916,49.86197256,2486.216308,0.008612422,3.362038614,11.30330364,0.233371019,0.170775071,0.029164126,2120.172987,777.3764328,604314.1183,2135.458848,578.4409342,334593.9143,21.5297997,9.840698744,96.83935176,4328.077995,1729.360544,2990687.89,3.027040588,4.624473773,21.38575768,-0.000557183,0.082965265,0.006883235,0.102815516,0.058626138,0.003437024,-6.31E-05,0.165939957,0.027536068,-0.000156334,0.165024117,0.02723296,14.58677551,6.977133116,48.68038653
10,We Found Love.mp3,happy,172.265625,211157,1295.441718,0.277639851,0.303671931,0.092216642,0.490350093,0.271238023,0.073570065,0.258232387,0.129032428,0.016649368,8.664839365,72.12612514,5202.177928,-6.240291187,32.10221151,1030.551984,0.007304338,3.495505773,12.21856061,0.190573201,0.094603032,0.008949734,2947.543008,721.3104117,520288.71,2541.943105,413.7612368,171198.3611,21.54886652,6.797643492,46.20795705,5751.527721,1529.516031,2339419.29,2.344821076,3.009329915,9.056066536,-0.031100717,0.076510004,0.005853781,0.162705743,0.057293049,0.003282493,-1.01E-06,0.175479963,0.030793216,-8.68E-05,0.078586258,0.0061758,2.302258503,1.284994787,1.651211602
11,02 Sugar Rush.mp3,happy,143.5546875,174619,1274.591241,0.446604724,0.297004317,0.088211564,0.603010186,0.245925688,0.060479444,0.276608813,0.082588727,0.006820898,19.6633691,107.0197021,11453.21663,5.647119831,32.86225513,1079.927812,-0.00101918,4.774379903,22.79470346,0.286769748,0.11053732,0.012218499,2805.048442,1166.238385,1360111.97,2646.784577,473.1831608,223902.3037,18.79897961,6.627226681,43.92013349,5774.615082,1951.32364,3807663.949,3.912030798,4.978231526,24.78278913,0.010783652,0.047833427,0.002288037,0.13880944,0.09866202,0.009734194,-3.25E-05,0.182563618,0.033329476,-0.000161516,0.186333016,0.034719992,2.527492063,1.407046389,1.979779542
12,No Way Out.mp3,sad,129.1992188,165440,1282.48062,0.327171814,0.306677208,0.09405091,0.359030504,0.294618696,0.086800176,0.213902528,0.193853145,0.037579042,8.753663539,62.1002337,3856.439025,-2.418082341,61.59217588,3793.59613,0.01321377,3.220447794,10.371284,0.179713398,0.071933344,0.005174406,1175.002489,789.124199,622717.0014,1657.295674,717.2046897,514382.567,24.40839239,6.685721442,44.6988712,2216.382431,1772.22156,3140769.259,1.532926118,1.935435608,3.745910993,0.009133989,0.114763217,0.013170596,0.040779988,0.035161513,0.001236332,-8.19E-06,0.175664052,0.030857857,2.97E-06,0.054673348,0.002989175,6.421478458,3.38753176,11.47537143
13,all of me.mp3,sad,123.046875,149011,1241.758333,0.22301276,0.296808193,0.088095104,0.392170881,0.28882404,0.083419326,0.233375853,0.169908931,0.028869045,9.488211704,64.47543004,4157.081078,-9.143643928,48.06704962,2310.441259,0.006407212,2.675401072,7.157770896,0.190895006,0.073919818,0.005464139,1732.783477,787.5844609,620289.283,2058.060102,622.3360528,387302.1626,25.26200452,6.485604139,42.06306105,3637.523838,1930.329128,3726170.542,1.71941165,2.019202917,4.077180422,0.002471445,0.103563575,0.010725414,0.067309306,0.041971364,0.001761595,-1.17E-05,0.188204423,0.035420902,-6.22E-05,0.047813639,0.002286144,6.178829932,3.248652563,10.55374348
14,Beautiful.mp3,relax,151.9990809,181162,1240.835616,0.293966577,0.293307513,0.086029297,0.340213757,0.289954476,0.084073598,0.208965905,0.199164715,0.039666584,6.431518088,33.51365142,1123.164832,0.590644047,56.13506917,3151.145991,0.011936214,2.343532646,5.492145263,0.161444381,0.05202378,0.002706473,1401.95847,824.1844706,679280.0417,1877.042362,632.3677799,399889.009,24.05415306,6.270978267,39.32516843,2726.946011,1683.812381,2835224.134,1.601080462,1.944335347,3.780439941,0.019265254,0.107402102,0.011535212,0.05834772,0.04813623,0.002317097,2.25E-06,0.150592789,0.022678189,7.58E-05,0.048800338,0.002381473,2.598312925,1.933176624,3.737171858
15,American Authors - Best Day Of My Life.mp3,happy,99.38401442,126240,1275.151515,0.379109145,0.294520768,0.086742483,0.592934519,0.244529584,0.059794718,0.273853327,0.091310944,0.008337689,22.51175777,120.059795,14414.35438,7.611761106,32.13394028,1032.590118,0.00923644,2.828115979,7.998239991,0.30962342,0.077622123,0.006025194,2136.410967,662.6046343,439044.9014,2381.684242,452.3694209,204638.093,19.92883315,7.228947084,52.25767594,4701.325738,1587.208829,2519231.866,3.85281792,4.382439695,19.20577768,-0.000782143,0.049031044,0.002404043,0.082779356,0.040181813,0.001614578,2.33E-06,0.247436374,0.061224762,0.000528998,0.124460384,0.015490387,2.34985941,1.372544856,1.883879381
16,Mary Jane (Album Version).mp3,sad,135.9991776,165736,1265.160305,0.397728785,0.288558155,0.083265809,0.439176869,0.271140443,0.07351714,0.24739768,0.148753894,0.022127721,12.22130042,65.6375168,4308.283612,3.022687463,27.3906187,750.245993,0.013178146,2.422645223,5.869209876,0.22209619,0.098083608,0.009620394,2986.162964,908.5549572,825472.1102,2781.936581,266.0084268,70760.48315,20.36019528,6.453587646,41.64879351,6295.524432,1196.678473,1432039.369,2.914835704,3.632358968,13.19403167,-0.00857774,0.081319612,0.006612879,0.13471555,0.085793083,0.007360453,-1.52E-05,0.193604618,0.037482746,-7.06E-05,0.092260748,0.008512045,2.739954649,1.629223613,2.654369581
17,The Drums - Down By The Water.mp3,angry,80.74951172,92775,1220.723684,0.262399723,0.301648852,0.09099203,0.42502922,0.286452078,0.082054793,0.232769947,0.17073806,0.029151485,11.38379504,70.85821277,5020.886317,-0.436422994,41.63783394,1733.709215,0.008281402,2.351485045,5.529481918,0.207559854,0.080686487,0.006510309,2139.844216,795.0954648,632176.7981,2543.547803,470.2967423,221179.0258,21.64825676,6.832446441,46.68232437,5113.760744,1728.43928,2987502.344,2.043824473,2.507698665,6.288552597,0.000211848,0.085302296,0.007276482,0.068469919,0.038120016,0.001453136,-3.44E-07,0.192405999,0.037020069,8.82E-06,0.06440296,0.004147741,7.072798186,3.952281843,15.62053177
18,Broken Things.mp3,sad,172.265625,218050,1282.647059,0.263052847,0.30072452,0.090435237,0.420125598,0.284988199,0.081218273,0.237378882,0.1642699,0.0269846,3.714748694,26.5384353,704.2885481,-6.817886405,55.18675631,3045.578072,0.009679483,2.502507649,6.262544535,0.116298288,0.059249386,0.00351049,1685.644599,844.9496855,713939.971,1962.645968,592.1767636,350673.3194,23.76674162,6.027068446,36.32555405,3352.66306,1838.996089,3381906.616,1.135074292,1.47217405,2.167296433,-0.00800846,0.085970484,0.007390924,0.070069871,0.049428282,0.002443155,-6.06E-06,0.115568943,0.01335618,-7.61E-05,0.03824247,0.001462486,3.408689342,2.203114877,4.853715161
19,Justin Timberlake - Not A Bad Thing.mp3,happy,86.1328125,107300,1277.380952,0.398108472,0.303136114,0.091891504,0.443194504,0.294026741,0.086451725,0.242252529,0.156993775,0.024647045,13.72377754,118.1066515,13949.18113,3.593711105,35.28490616,1245.024603,0.011911753,2.907954813,8.456201194,0.219738096,0.111307785,0.012389423,2136.047721,891.9791874,795626.8708,2423.550901,510.8223484,260939.4716,20.48161929,6.782121304,45.99716939,4567.07655,1959.705294,3840444.839,2.516230546,3.18861129,10.16724196,0.016026824,0.083189295,0.006920459,0.084916342,0.064074037,0.004105482,5.22E-06,0.164298385,0.026993958,4.95E-05,0.129800871,0.016848268,2.299936508,1.154138614,1.332035939
20,you are not alone.mp3,relax,129.1992188,156586,1252.688,0.243962978,0.306023926,0.093650643,0.415287766,0.283363139,0.080294669,0.237818879,0.163632253,0.026775514,1.686479523,18.92766806,358.2566182,-8.912453845,70.8317299,5017.133961,0.009674927,3.035070785,9.211654667,0.067891799,0.052563626,0.002762935,1880.763936,1153.957861,1331618.745,2241.643304,755.7187713,571110.8613,24.52975606,6.141862599,37.72247619,3815.739427,2516.645907,6333506.622,0.577930417,0.864622317,0.747571752,0.01718274,0.093458837,0.008734554,0.079066604,0.080250571,0.006440154,7.79E-07,0.074940756,0.005616117,-1.12E-06,0.025687793,0.000659863,2.625015873,1.30649082,1.706918264
21,ThePixiesHereComesYourMan.mp3,happy,123.046875,159398,1285.467742,0.426294164,0.277137151,0.076805,0.538347926,0.26406119,0.069728312,0.265690904,0.112879038,0.012741677,1.528087118,7.035273491,49.4950731,0.911020697,39.18233583,1535.255441,0.014036709,2.959334057,8.757658063,0.082515933,0.023481162,0.000551365,2401.663847,777.2518336,604120.4128,2378.42078,461.3575227,212850.7637,20.13656213,6.826698851,46.60381721,4885.878789,1605.575071,2577871.309,1.222776786,1.394345995,1.944200753,-0.004273079,0.05958044,0.003549829,0.120562196,0.057470226,0.003302827,-4.20E-06,0.058683313,0.003443731,-8.43E-05,0.041737076,0.001741984,4.744997732,1.804330553,3.255608743
22,a great big world、christina aguilera - say something.mp3,sad,46.98153409,55041,1223.133333,0.243781166,0.298720932,0.089234195,0.37339604,0.280366339,0.078605284,0.217730666,0.189543374,0.035926691,0.641686079,5.353498528,28.65994648,-14.10078988,94.45145521,8921.077391,0.008054733,2.549847942,6.50172453,0.042715166,0.03313227,0.001097747,971.260254,869.8981082,756722.7186,1234.647641,668.7197932,447186.1618,26.37170825,9.776691875,95.58370401,1720.493763,1722.192086,2965945.58,0.379256856,0.64532089,0.416439051,-0.031395639,0.105042012,0.011033824,0.047261052,0.052010079,0.002705048,4.23E-07,0.04812352,0.002315873,4.16E-06,0.015605053,0.000243518,10.63706122,5.857386709,34.30897905
23,Cash Cash - Surrender.mp3,happy,129.1992188,139540,1213.391304,0.374280256,0.30232999,0.091403423,0.428653767,0.292511264,0.085562839,0.235230397,0.167331987,0.027999994,15.04922512,84.00125836,7056.211406,6.85792195,30.28370943,917.1030569,0.012891621,2.103189422,4.423405743,0.253067315,0.061971527,0.00384047,2191.311945,716.6839588,513635.8968,2507.666731,398.7035733,158964.5393,20.91614305,6.736353093,45.378453,4769.254494,1557.526839,2425889.853,2.968317037,3.236857967,10.4772495,-0.011752816,0.086537331,0.00748871,0.082512918,0.045038372,0.002028455,1.56E-07,0.205091894,0.042062685,-6.54E-06,0.09921661,0.009843935,4.353741497,1.325399812,1.75668466
24,Cash Cash - Take Me Home.mp3,angry,129.1992188,92225,960.6770833,0.428682572,0.297833151,0.088704586,0.491769436,0.275012325,0.075631779,0.251953288,0.140900227,0.019852874,13.78005459,106.168041,11271.65293,5.609853088,26.7447227,715.2801923,0.012905639,2.751020118,7.568111689,0.228166848,0.106508955,0.011344157,2751.566407,729.3322167,531925.4823,2626.810874,355.9748074,126718.0635,20.37324363,7.72409048,59.66157375,5799.981595,1324.137265,1753339.495,2.652347415,3.171229487,10.05669646,0.012913766,0.059996139,0.003599537,0.112066027,0.063309078,0.004008039,9.11E-06,0.202653959,0.041068625,-4.68E-05,0.097663678,0.009538194,11.0596644,3.127703757,9.782530795
25,Statue.mp3,sad,117.4538352,151286,1282.084746,0.373466427,0.298469394,0.089083979,0.422500334,0.286583867,0.082130313,0.237400817,0.164238198,0.026974186,6.398606263,47.29772922,2237.075189,1.428642358,49.67699074,2467.803409,0.012467756,3.73267491,13.93286199,0.151030362,0.068651371,0.004713011,1533.721083,797.059686,635304.143,2015.072389,627.1610707,393331.0087,22.64509445,7.009564228,49.13399067,3292.850922,1847.466918,3413134.012,1.630240237,2.080314893,4.327710053,0.021415114,0.091314134,0.008338271,0.050511977,0.037660358,0.001418303,-6.87E-07,0.120320521,0.014477028,-1.30E-05,0.079601288,0.006336365,4.209777778,2.508304366,6.291590792
26,Hello Saferide-Long Lost Penpal.mp3,relax,112.3471467,136847,1244.063636,0.24558812,0.300812772,0.090488324,0.38402782,0.293392981,0.086079441,0.230903536,0.173253833,0.030016891,4.35270797,30.12552762,907.5474141,-7.431654957,63.66457735,4053.178409,0.011908651,4.047563135,16.38276734,0.124619298,0.057633895,0.003321666,1344.793141,742.0163646,550588.2853,1911.066045,710.4652126,504760.8184,23.27588446,6.365298795,40.51702876,2799.862236,1967.365357,3870526.448,1.09164662,1.526733371,2.330914787,0.0209971,0.10317132,0.010644321,0.044989146,0.0307197,0.0009437,-8.07E-06,0.112233721,0.012596409,2.57E-05,0.057684809,0.003327537,3.15907483,1.681988428,2.829085071
27,She will be loved.mp3,happy,103.359375,121426,1239.040816,0.313591534,0.305942464,0.093600791,0.474365719,0.284943046,0.081192539,0.250760596,0.143012086,0.020452457,10.08352703,62.16393634,3864.354982,0.78363573,49.81537174,2481.571261,0.01207641,4.378562889,19.17181297,0.195166022,0.075729236,0.005734918,1913.954871,1049.889054,1102267.026,2394.851025,598.075877,357694.7546,23.27139403,7.005730715,49.08026285,4109.208486,2377.438096,5652211.902,1.804154726,2.24846355,5.055588335,-0.000771501,0.081286,0.006607414,0.068871844,0.062500936,0.003906367,2.61E-06,0.172701165,0.029825693,6.13E-05,0.08364962,0.006997259,3.310004535,1.449201904,2.100186158
28,could this be love.mp3,relax,135.9991776,177525,1277.158273,0.253499737,0.295689433,0.087432241,0.385477112,0.298244655,0.088949874,0.223304266,0.182944084,0.033468538,9.208057878,58.34070669,3403.638057,-2.50258289,53.886718,2903.778377,0.007173232,3.251370705,10.57141146,0.178981245,0.090276383,0.008149825,1869.871238,1215.591665,1477663.097,2188.194608,913.5700888,834610.3071,24.87277659,6.164976774,38.00693863,3912.355509,2617.651613,6852099.968,1.686756046,2.249381932,5.059719075,-0.019340914,0.101848967,0.010373212,0.072218762,0.053785128,0.00289284,-3.51E-06,0.165658891,0.027442871,2.83E-05,0.076482788,0.005849617,3.788335601,2.249512428,5.060306162
29,no one.mp3,happy,89.10290948,114364,1329.813953,0.373988966,0.319660615,0.102182909,0.392969631,0.302800665,0.091688243,0.226783897,0.17029363,0.02899992,14.12686911,115.0734951,13241.90927,2.166975796,37.33091818,1393.597452,0.013026346,3.038720809,9.233824156,0.227202043,0.106142707,0.011266274,2909.519158,1077.370624,1160727.461,2731.662236,675.0814886,455735.0162,20.52857595,6.896415518,47.56054699,6300.174404,1781.789899,3174775.244,2.055199389,2.707859206,7.332501482,0.005420416,0.084658867,0.007167124,0.105985565,0.083157917,0.006915239,-6.56E-05,0.213877887,0.045743752,-0.000115835,0.094910987,0.009008096,5.767836735,1.478208648,2.185100806
30,Creep.mp3,angry,92.28515625,115455,1254.945652,0.396394451,0.305363255,0.093246718,0.457715898,0.296484145,0.087902848,0.241346253,0.158383457,0.025085319,0.985873239,7.715090148,59.522616,-2.119058478,63.51765364,4034.492324,0.013313765,4.393682061,19.30444205,0.060907878,0.026317041,0.000692587,2318.007565,1136.1662,1290873.635,2750.723919,595.4820071,354598.8208,20.44234565,6.146800233,37.7831531,5474.191898,2352.02451,5532019.293,0.547870011,0.747187007,0.558288424,0.028259403,0.086058776,0.007406113,0.076731773,0.080485293,0.006477882,3.97E-05,0.047216687,0.002229416,0.000408016,0.034519661,0.001191607,3.399401361,1.687076322,2.846226515
31,How Does It Feel.mp3,angry,117.4538352,149985,1281.923077,0.331330205,0.299620836,0.089772645,0.41387678,0.29204317,0.085289213,0.230841854,0.173336008,0.030045372,6.426785278,53.83884479,2898.621208,-1.583115739,48.79379766,2380.83469,0.010272214,3.618970622,13.09694836,0.153889582,0.071182787,0.005066989,2060.56282,1232.659866,1519450.344,2440.035826,655.1956827,429281.3826,23.272826,6.714159057,45.07993184,4432.63153,2449.790527,6001473.626,1.459248088,1.856007624,3.4447643,0.027078101,0.099226097,0.009845818,0.074963077,0.083949779,0.007047565,5.65E-06,0.135005191,0.018226402,-1.14E-06,0.069872305,0.004882139,2.654040816,1.414838539,2.001768091
32,deconstruction.mp3,sad,123.046875,153258,1266.595041,0.298061611,0.305695833,0.093449942,0.420316727,0.285439344,0.081475619,0.241611473,0.157978573,0.02495723,10.22858819,76.20195655,5806.738182,-3.755188398,51.69228109,2672.091924,0.011395268,3.366728121,11.33485824,0.190383747,0.098958217,0.009792729,1567.493584,1088.520375,1184876.606,1930.995602,576.168737,331970.4135,23.48129033,6.173941252,38.11755058,3034.698316,2001.018882,4004076.567,1.788288413,2.395732505,5.739534234,0.01375502,0.094183186,0.008870473,0.061576725,0.081884056,0.006704999,-0.000467382,0.180299222,0.032507807,-0.00052308,0.078729033,0.00619826,4.350258503,2.134737047,4.55710226
33,bubbly.mp3,relax,129.1992188,160187,1271.325397,0.285136871,0.304616601,0.092791273,0.407129522,0.292148034,0.085350474,0.238864842,0.162101575,0.026276921,12.7132254,70.07158111,4910.026479,-4.762874415,46.34998833,2148.321418,0.012493436,3.417252642,11.67761562,0.222230464,0.086925656,0.007556069,1880.732963,1093.087341,1194839.936,2220.628129,713.6530943,509300.7391,23.80853652,6.749113853,45.5505378,3809.314466,2281.991704,5207486.137,2.152222198,2.757624048,7.604490392,-0.007923848,0.098266254,0.009656257,0.073488785,0.061428697,0.003773485,8.55E-06,0.194402665,0.037792396,3.93E-05,0.095215976,0.009066082,4.150566893,2.398980658,5.755108198
34,Lana Del Rey - West Coast.mp3,relax,123.046875,147282,1237.663866,0.451646528,0.292056648,0.085297086,0.427962434,0.295604633,0.087382099,0.233251532,0.170079559,0.028927056,10.6845592,69.14168156,4780.572129,6.080757201,45.91295432,2107.999374,0.006188416,3.783425251,14.31430663,0.202259779,0.072301611,0.005227523,1585.183178,842.0506837,709049.3538,2079.509492,657.9154245,432852.7058,20.31737744,6.637080277,44.0508346,3433.425072,2047.911711,4193942.376,2.133804162,2.59681625,6.743454635,-0.017815639,0.087520448,0.007659829,0.054751936,0.044886973,0.00201484,1.03E-05,0.152304396,0.02319663,0.00020548,0.100624301,0.01012525,2.34985941,1.571797132,2.470546225
35,everything you want.mp3,happy,95.703125,119601,1286.032258,0.341326683,0.298960105,0.089377145,0.496381316,0.26505889,0.070256215,0.26014207,0.12513767,0.015659437,6.792665687,41.157296,1693.923014,-1.177593535,47.53732695,2259.797453,0.010278023,3.289983331,10.82399032,0.152596533,0.081412815,0.006628047,1849.622478,768.7058852,590908.738,2142.937273,581.829541,338525.6148,20.33915789,6.64757094,44.1901994,3945.659474,1655.012685,2739066.988,1.876645942,2.490076703,6.200481985,-0.002695755,0.070340969,0.004947852,0.076139751,0.050812634,0.002581924,-6.82E-06,0.127303705,0.016206233,4.27E-05,0.074477777,0.005546939,2.122303855,1.049182287,1.100783472
36,The Scientist.mp3,sad,73.828125,89172,1255.943662,0.311732833,0.285416912,0.081462814,0.506896411,0.251155898,0.063079285,0.256263035,0.132900678,0.01766259,2.371928937,13.15989766,173.1829065,-8.411163456,55.17193387,3043.942287,0.008735131,2.771396334,7.680637641,0.095787413,0.038637903,0.001492888,1514.805678,836.4750931,699690.5815,1663.907827,637.9445842,406973.2925,24.51423969,6.454481501,41.66033144,3010.698461,1786.992892,3193343.597,1.118091818,1.30032589,1.690847421,-0.008568909,0.084402869,0.007123844,0.074183981,0.052584192,0.002765097,2.66E-07,0.089075975,0.007934529,-6.56E-06,0.029395204,0.000864078,5.784090703,2.946775091,8.683483438
37,miley cyrus - can't be tamed.mp3,angry,117.4538352,145577,1265.886957,0.389907229,0.298203927,0.088925582,0.600942704,0.240118625,0.057656954,0.274860101,0.088234109,0.007785258,14.78974833,93.73588411,8786.415969,6.66411771,21.46951737,460.9401759,0.01255748,2.460072989,6.05195911,0.258569896,0.081952117,0.006716149,3260.511824,768.0563199,589910.5106,3040.241297,261.2557086,68254.54529,18.55400427,6.254642268,39.1205499,7255.047796,1062.394312,1128681.674,3.462182224,3.979471573,15.836194,-0.003686135,0.046388197,0.002151865,0.161090107,0.078479885,0.006159092,5.46E-05,0.168333143,0.028336046,-0.000455353,0.139692441,0.01951398,2.166421769,1.214097246,1.474032123
38,fort minor - get me gone.mp3,angry,99.38401442,129153,1291.53,0.435690598,0.315856876,0.099765566,0.451328776,0.306608086,0.094008518,0.252247702,0.14037247,0.01970443,15.95893856,129.6369395,16805.73608,-1.857633657,56.24435374,3163.427328,0.001053834,4.882321776,23.83706593,0.211183533,0.160234988,0.02567525,2023.028557,1255.8258,1577098.44,2189.76639,635.1488908,403414.1135,20.43443924,6.647911594,44.19472857,3938.763683,2422.845765,5870181.6,2.205894116,3.596082206,12.93180723,-0.007996189,0.082585557,0.006820374,0.090530254,0.093956099,0.008827749,2.64E-05,0.194444641,0.037808716,-4.05E-05,0.126174912,0.015920108,2.027102041,1.243516917,1.546334323
39,Boston.mp3,angry,69.83741554,85583,1258.573529,0.204444491,0.297649916,0.088595472,0.393513588,0.281533456,0.079261087,0.23450161,0.168351799,0.028342328,0.529315553,7.02768074,49.38829658,-14.48677167,83.31216675,6940.917128,0.005006694,2.808399274,7.887106481,0.04073092,0.030308375,0.000918598,1804.95464,1057.653742,1118631.437,1687.969484,867.1633222,751972.2273,23.09034027,7.140617235,50.9884145,3135.351874,2345.13785,5499671.538,0.32662394,0.504906401,0.254930474,0.035107809,0.092238862,0.008508008,0.113016512,0.071355541,0.005091613,1.16E-06,0.044723678,0.002000207,-9.02E-08,0.017840005,0.000318266,2.312707483,1.355564168,1.837554213
40,lana del rey - young and beautiful.mp3,sad,112.3471467,137974,1254.309091,0.342573373,0.292867498,0.085771371,0.43174823,0.267377698,0.071490833,0.235763009,0.166580722,0.027749137,5.321710183,40.83566373,1667.551432,2.56137427,52.3095011,2736.283906,0.014394529,1.950733782,3.80536229,0.134172797,0.070552014,0.004977587,1442.001915,684.1203701,468020.6808,1984.783258,634.9066112,403106.405,21.31100028,6.152356484,37.8514903,2987.294436,1674.584201,2804232.246,1.45747178,1.839798874,3.384859896,-0.003111616,0.084891371,0.007206545,0.054911799,0.034409799,0.001184034,-7.32E-06,0.129419863,0.016749501,7.00E-07,0.040507257,0.001640838,13.38630385,8.356027421,69.82319426
41,Coldplay - Miracles.mp3,sad,92.28515625,117587,1278.119565,0.379634146,0.303268935,0.091972047,0.429242721,0.293699786,0.086259564,0.230423838,0.173891312,0.030238188,10.14223395,98.6168835,9725.289711,-0.21176339,37.53988515,1409.242977,0.012010897,2.488427274,6.1922703,0.181826591,0.103697136,0.010753096,1981.215124,738.7037279,545683.1976,2358.212905,384.1411608,147564.4314,22.55778883,8.083280823,65.33942887,4307.190622,1605.852093,2578760.943,1.723053073,2.088852202,4.36330352,-0.018500128,0.089242867,0.007964289,0.073100654,0.061467806,0.003778291,3.13E-06,0.182680175,0.033372048,-1.44E-05,0.075397134,0.005684728,3.888181406,2.049435277,4.200184956
42,what I've done.mp3,angry,123.046875,153922,1399.290909,0.38061029,0.298550957,0.089132674,0.472212675,0.279178985,0.077940906,0.245687043,0.151562561,0.02297121,6.946963843,62.12976435,3860.107619,-1.169554399,43.98736847,1934.888585,0.009100347,2.576110925,6.6363475,0.147147253,0.106265351,0.011292324,2635.410285,877.9283668,770758.2173,2469.655306,627.8624408,394211.2446,21.28964961,7.342395723,53.91077496,5503.291722,1804.74078,3257089.284,1.982661544,2.957938192,8.749398349,0.010734302,0.080466186,0.006474807,0.123520417,0.062103955,0.003856901,-1.47E-05,0.136457726,0.018620711,0.000118981,0.079444021,0.006311352,7.36769161,1.438608776,2.069595211
43,09  Lady GaGa - Again Again(1).mp3,angry,184.5703125,229352,1274.177778,0.377722499,0.304872426,0.092947196,0.410079484,0.283521808,0.080384616,0.236292592,0.165828659,0.027499144,15.3450235,88.83671469,7891.961877,4.496920887,33.16871785,1100.163844,0.014611316,3.034664986,9.209191576,0.253658056,0.097195685,0.009447002,2715.980455,785.0544222,616310.4458,2582.924,514.1911293,264392.5175,20.93407853,6.826770467,46.604795,5570.99548,1738.406785,3022058.15,3.170413026,3.752470913,14.08103795,0.009659038,0.089714093,0.008048619,0.123630961,0.055665566,0.003098655,9.66E-06,0.213494048,0.045579709,2.73E-05,0.108772427,0.011831441,3.545687075,2.154858081,4.643413348
44,won't back down-eminem.mp3,angry,172.265625,227712,1279.280899,0.42829629,0.28749923,0.082655807,0.54747965,0.258412867,0.06677721,0.266250688,0.111552249,0.012443904,20.03581117,121.7880419,14832.32714,5.581534043,28.12097025,790.788968,0.006907003,2.549798108,6.501470392,0.291715771,0.114660516,0.013147034,2726.340544,754.2605486,568908.9751,2552.93257,593.4556077,352189.5583,19.75094831,6.561936571,43.05901156,5696.144723,1682.907176,2832176.562,4.094272606,4.796080647,23.00238957,-0.016577014,0.06025901,0.003631148,0.137955704,0.06136127,0.003765205,-2.12E-06,0.192263559,0.036965277,-7.80E-06,0.165385008,0.027352201,3.156752834,1.734088771,3.007063865
45,Sia - Chandelier.mp3,happy,117.4538352,37042,649.8596491,0.324708889,0.299951838,0.089971105,0.428099289,0.282900471,0.080032677,0.24247706,0.156646764,0.024538209,17.81621356,119.131251,14192.25496,2.120533458,36.18286442,1309.199677,0.016804663,3.298242769,10.87840536,0.252944201,0.135737747,0.018424734,2622.925352,885.2241949,783621.8753,2673.549528,484.6716414,234906.6,20.8536017,6.812496805,46.41011272,5478.741871,1914.56772,3665569.556,3.028283122,3.933042288,15.46882164,-0.013721535,0.082415989,0.006792395,0.112878569,0.05277842,0.002785562,1.87E-05,0.227405638,0.051713321,0.000134345,0.106656544,0.011375619,2.17106576,1.282836825,1.64567032
46,Jason Mraz - 3 Things.mp3,relax,99.38401442,127049,1296.418367,0.337353994,0.305409965,0.093275247,0.475143699,0.28190315,0.079469386,0.255947937,0.133506505,0.017823987,5.8899301,54.97753553,3022.529413,-2.146676659,44.51984257,1982.016383,0.013028546,2.933266504,8.604052384,0.140201181,0.078930676,0.006230052,2241.111395,935.4604526,875086.2585,2549.618099,456.7144979,208588.1326,22.26626442,6.155406784,37.88903267,4910.820305,1816.998029,3301481.836,1.405990132,1.831808546,3.355522549,0.01548627,0.079792727,0.006366879,0.082234008,0.070461533,0.004964828,-1.84E-05,0.111668572,0.01246987,-7.49E-05,0.08481738,0.007193988,2.890884354,1.216191536,1.479121852
47,Lollipop.mp3,happy,95.703125,119498,1271.255319,0.464148015,0.309187395,0.095596845,0.554561134,0.272917157,0.074483775,0.265034553,0.114411621,0.013090019,12.12954056,97.94172606,9592.581703,4.276200457,41.99451229,1763.539063,0.011406755,4.156588496,17.27722792,0.207232714,0.107610255,0.011579967,2245.415506,1056.665367,1116541.697,2295.644412,492.3131033,242372.1917,20.42029573,8.065927902,65.05919291,4414.448306,1867.420095,3487257.811,2.271944717,2.967982952,8.808922804,0.004732107,0.056181989,0.003156416,0.099628271,0.080286086,0.006445856,2.37E-05,0.152954027,0.023394935,-0.00167657,0.136367798,0.018596178,2.766657596,1.535017708,2.356279365
48,Karmin - Sugar.mp3,happy,95.703125,119050,1280.107527,0.419485918,0.298283686,0.088973157,0.478323186,0.279604372,0.078178605,0.251366861,0.141943772,0.020148034,9.042551293,70.25399161,4935.623338,0.926778003,38.54265088,1485.535937,0.01190433,3.593644988,12.9142843,0.18275699,0.08938954,0.00799049,2491.649077,841.5758696,708249.9443,2506.142091,579.4471633,335759.015,21.83362703,7.03690064,49.51797061,5174.385378,1818.071885,3305385.379,2.041267461,2.565268568,6.580602828,-0.000825514,0.072263856,0.005222065,0.109023339,0.062689603,0.003929986,2.68E-06,0.153079659,0.023433382,6.96E-05,0.094689324,0.008966069,7.285260771,3.392735544,11.51065447
49,you can trust in me.mp3,happy,135.9991776,167800,1252.238806,0.340273911,0.312863254,0.097883416,0.481509174,0.300863207,0.090518669,0.244085562,0.154128425,0.023755572,7.337508224,95.83581573,9184.503576,1.132703958,47.88955102,2293.409096,0.015502304,4.14016865,17.14099645,0.14618355,0.10617739,0.011273637,2699.499443,1327.847745,1763179.634,2920.417556,656.6742857,431221.1175,21.33860107,6.239660459,38.93336264,6155.266947,2683.76526,7202595.97,1.284207893,1.896763094,3.597710236,-0.012454829,0.081181899,0.006590501,0.102750324,0.096246693,0.009263426,-2.37E-05,0.109123118,0.011907855,6.65E-05,0.114902243,0.013202526,2.973315193,1.580347367,2.4974978
50,"augustana - either way, i'll break your heart someday.mp3",sad,86.1328125,83817,1132.662162,0.390356983,0.292415013,0.08550654,0.507295575,0.265987659,0.070749434,0.258208522,0.129080178,0.016661692,19.8494694,125.1658505,15666.49012,6.917626636,31.7998454,1011.230167,0.011784712,2.553376421,6.519731147,0.292499542,0.059825871,0.003579135,2050.619336,877.2517967,769570.7148,2300.150414,482.9441849,233235.0857,21.10897123,7.020117621,49.28205141,4478.27292,1780.202388,3169120.544,3.357598848,3.582197003,12.83213537,-0.009186807,0.062756358,0.00393836,0.080773699,0.057575775,0.00331497,6.71E-06,0.24457635,0.05981759,-0.00020498,0.097153179,0.00943874,4.585941043,2.611470785,6.81977966
51,BLOATED.MP3,happy,89.10290948,105821,1230.476744,0.411383184,0.307858273,0.094776716,0.475259232,0.294254773,0.086585871,0.251517292,0.141677046,0.020072385,19.64699061,184.0529434,33875.48598,3.654604786,34.69396453,1203.671175,0.008858223,4.825269812,23.28322876,0.268793643,0.127159268,0.016169481,2545.804356,1144.15392,1309088.192,2597.21578,597.750569,357305.7427,21.31846471,8.340406479,69.56238023,5396.792366,2249.117654,5058530.221,2.805227529,3.440371508,11.83615612,0.007133011,0.076418607,0.005839803,0.107089111,0.080996881,0.006560495,-7.42E-06,0.187407717,0.035121653,-0.000411323,0.178013921,0.031688955,2.706285714,1.729184816,2.990080126
52,Valentine.mp3,relax,151.9990809,187708,1526.081301,0.295066879,0.322210677,0.103819721,0.488433296,0.308276542,0.095034427,0.250607019,0.143281036,0.020529455,4.694198467,56.18554731,3156.815726,-8.414350445,65.58126024,4300.901695,0.010982017,2.706455857,7.324903305,0.111803152,0.089948133,0.008090666,2191.450471,1202.412457,1445795.716,2165.804248,596.0846685,355316.932,21.66672273,7.534512734,56.76888213,4113.504293,2348.011026,5513155.78,1.031255836,1.649936711,2.72229115,0.020752218,0.083104451,0.00690635,0.109773524,0.091293528,0.008334508,-1.17E-05,0.096264318,0.009266819,0.000177608,0.095030487,0.009030793,6.361106576,3.166315408,10.02555326
53,True Colors.mp3,sad,172.265625,216180,1271.647059,0.237064829,0.304268887,0.092579556,0.412160561,0.287067559,0.082407784,0.242595036,0.156463995,0.024480982,2.027239767,21.06429698,443.7046074,-12.26818207,66.18713431,4380.736749,0.004080511,3.682386369,13.55996937,0.077362642,0.065780953,0.004327133,2305.265505,1300.136992,1690356.198,2197.305525,746.3845062,557089.831,23.46004898,7.346178158,53.96633352,4339.240428,2500.288488,6251442.521,0.708254222,1.177402755,1.386277248,-0.017277701,0.092707009,0.008594589,0.116693172,0.104740212,0.010970512,7.90E-06,0.083341964,0.006945883,-8.68E-06,0.04176027,0.00174392,3.953197279,2.34833855,5.514693947
54,Lady GaGa&Rihanna-Animal.mp3,angry,86.1328125,107949,1269.988235,0.509037474,0.275981055,0.076165543,0.582373203,0.253044679,0.06403161,0.269325316,0.103909611,0.010797207,9.885167176,65.50584163,4291.015288,5.277606918,41.74442117,1742.596699,0.002935356,3.737780873,13.97100585,0.187318355,0.090247907,0.008144684,1935.327468,855.3297164,731588.9238,2400.206322,507.494014,257550.1742,18.38211228,6.881272573,47.35191222,4332.390469,1845.824265,3407067.217,2.183551292,2.975606024,8.854231211,0.010644934,0.044517091,0.001981771,0.068024721,0.054827618,0.003006068,-1.32E-05,0.111188665,0.01236292,5.26E-05,0.130817637,0.017113255,2.275555556,1.295685953,1.678802089
55,The Black Keys - Fever.mp3,happy,129.1992188,162804,1281.92126,0.449830628,0.304587575,0.092773591,0.519208091,0.285057622,0.081257848,0.259222527,0.127031551,0.016137015,15.59782075,102.925665,10593.69252,6.57800758,37.05370788,1372.977268,0.018037925,3.761580208,14.14948566,0.244390577,0.086038888,0.00740269,1928.719048,753.9694207,568469.8873,2456.483197,486.9000922,237071.6998,19.48097185,6.970322925,48.58540168,4512.414381,1876.604922,3521646.035,2.441156469,2.965714736,8.795463895,-0.002814189,0.066014475,0.004357911,0.053514983,0.037709641,0.001422017,2.38E-05,0.174495086,0.030448537,9.07E-05,0.147288889,0.021694016,2.501950113,1.491705893,2.225186472
56,We Are Young (feat. Janelle Monáe).mp3,happy,117.4538352,71272,890.9,0.412168163,0.306941496,0.094213082,0.524924766,0.268525905,0.072106162,0.266175814,0.111730789,0.012483769,5.740612057,51.66872446,2669.657088,-0.662636338,47.10300708,2218.693276,0.015708192,4.010662766,16.08541582,0.131840751,0.091039501,0.008288191,2082.057871,1058.249258,1119891.493,2345.102031,535.3175489,286564.8781,20.11283864,7.04302317,49.60417537,4299.557334,1976.418352,3906229.504,1.584482484,2.339912021,5.475188267,0.001181555,0.066394531,0.004408234,0.086031226,0.082700278,0.006839336,-8.99E-06,0.115353286,0.013306381,-0.000113213,0.072161503,0.005207282,2.700480726,1.491764175,2.225360353
57,U2 - Invisible.mp3,angry,135.9991776,157377,1259.016,0.500244013,0.278644421,0.077642714,0.550610674,0.255454097,0.065256796,0.264837154,0.114867816,0.013194615,20.75640508,146.4581425,21449.9875,7.342162192,35.6594467,1271.596139,0.012272993,3.166961449,10.02964482,0.288273811,0.098802269,0.009761889,2278.337478,1209.556903,1463027.902,2452.143376,682.0041513,465129.6624,20.68039531,6.958179078,48.41625609,4978.157398,2334.212253,5448546.842,2.985267282,3.478472017,12.09976757,0.006931308,0.056040497,0.003140537,0.086133644,0.0765766,0.005863976,-9.59E-05,0.221048281,0.048862342,-0.001736992,0.135683447,0.018409997,2.952417234,1.412114531,1.994067448
58,05 Can't Stop Looking.mp3,angry,117.4538352,149656,1268.271186,0.38447481,0.296974626,0.088193929,0.496820488,0.273577739,0.074844779,0.254130476,0.136934417,0.018751034,17.08610045,89.80545797,8065.020282,5.713810169,25.49932507,650.2155792,0.019535258,2.929327827,8.580961518,0.270545274,0.086223774,0.007434539,2747.224784,986.0288504,972252.8937,2702.120315,360.0303899,129621.8816,19.8028955,6.680663568,44.63126571,5862.927048,1619.273281,2622045.959,3.654924852,4.320523664,18.66692473,0.019299509,0.070163672,0.004922941,0.129559118,0.083318753,0.006942015,-3.29E-05,0.201171622,0.040470023,-0.000393462,0.142241448,0.020232631,5.575111111,1.869341914,3.494439192
59,communication.mp3,sad,123.046875,158997,1292.658537,0.293995648,0.296104469,0.087677856,0.392877169,0.281894746,0.079464648,0.226888764,0.178479192,0.031854822,4.407462668,31.29081124,979.1148682,-4.384799861,54.9952701,3024.479733,0.012102033,2.334738624,5.451004443,0.124447137,0.059481777,0.003538082,1587.945312,794.5187793,631260.0907,2021.939705,729.4349031,532075.2779,23.34134381,6.249215298,39.05269184,3376.092085,1889.312031,3569499.951,1.175042651,1.435989085,2.062064653,-0.015533103,0.103332556,0.010677617,0.060871514,0.043148082,0.001861757,-2.88E-06,0.121549502,0.014774282,1.01E-06,0.037108038,0.001377006,4.84368254,2.648931775,7.016839548
60,P!nk - Trouble.mp3,angry,135.9991776,99409,974.5980392,0.441784164,0.28007065,0.078439569,0.518537678,0.261397353,0.068328576,0.263078843,0.118839621,0.014122856,14.61756236,69.87923944,4883.108104,4.925074247,30.01727607,901.0368624,0.011595283,2.905464714,8.441725206,0.24954249,0.094421715,0.00891546,2679.644513,743.3595582,552583.4327,2615.650419,441.7020676,195100.7165,19.59520941,7.063240969,49.88937299,5653.874145,1489.559339,2218787.024,3.743096375,4.551466451,20.71584685,0.006931357,0.05984022,0.003580852,0.125165343,0.054858752,0.003009483,-1.91E-05,0.181658223,0.032999709,-6.55E-05,0.126434714,0.015985738,2.41139229,1.353750738,1.83264106
61,My Savior My God.mp3,sad,151.9990809,199796,1289.006452,0.286316926,0.298905456,0.089344472,0.406300426,0.285722644,0.081637429,0.230269608,0.174095494,0.030309241,6.383732988,43.53035027,1894.891395,-2.832072652,53.48991965,2861.171505,0.014187906,3.615326853,13.07058826,0.157077119,0.05755366,0.003312424,1801.070259,1192.847407,1422884.936,2236.889653,859.0128535,737903.0825,23.30931289,6.547888062,42.87483807,4043.467216,2746.851446,7545192.866,1.405654418,1.742542511,3.036454403,-0.014445246,0.09693085,0.00939559,0.061783073,0.067273226,0.004525687,4.57E-06,0.142378971,0.020271771,6.93E-05,0.059168607,0.003500924,3.267047619,1.808282946,3.269887214
62,keep on walking.mp3,relax,89.10290948,108713,1264.104651,0.39053911,0.313667135,0.098387072,0.496854334,0.282233462,0.079655727,0.256427902,0.132582294,0.017578065,6.202968755,42.31141527,1790.255863,-2.393596932,45.46645003,2067.198078,0.008906781,3.668794156,13.46005056,0.141389966,0.090170637,0.008130744,2527.527083,876.2790443,767864.9635,2430.062287,390.3044144,152337.5359,20.17552258,7.223677347,52.18151441,5103.810805,1490.1996,2220694.848,1.77923065,2.672028045,7.139733872,-0.011597275,0.076993657,0.005928023,0.127346547,0.089625746,0.008032774,-7.10E-06,0.109032549,0.011888096,6.20E-06,0.096153758,0.009245546,4.401342404,2.66379007,7.095777538
63,Twisted Nerve (Album Version).mp3,relax,117.4538352,141664,1264.857143,0.221866888,0.307322361,0.094447033,0.45731543,0.277348234,0.076922043,0.248120891,0.147544423,0.021769357,0.671050156,3.973575235,15.78930014,-15.76773016,92.33911858,8526.512821,0.009834326,2.467823818,6.090154396,0.053499423,0.02980236,0.000888181,1384.171332,420.7154853,177001.5196,1032.291232,179.531551,32231.57782,23.70496948,7.76592259,60.30955368,1945.267404,395.6436032,156533.8608,0.508887546,0.75689807,0.572894688,0.015796016,0.082046121,0.006731566,0.129670418,0.050089538,0.002508962,-3.93E-06,0.049493026,0.00244956,-2.57E-05,0.023114286,0.00053427,3.593287982,1.606073673,2.579472644
64,fort minor - degrees.mp3,angry,80.74951172,102175,1277.1875,0.421480178,0.304362367,0.09263645,0.52614059,0.272541974,0.074279128,0.264738063,0.11509601,0.013247092,14.4232106,95.23317796,9069.358184,1.654116701,39.8827524,1590.633939,0.009301962,3.352471347,11.23906413,0.224183217,0.113076232,0.012786234,2064.239765,851.642488,725294.9274,2362.336787,593.9508207,352777.5775,20.29881835,7.182197636,51.58396288,4457.214714,2022.342791,4089870.362,2.630505211,3.381606684,11.43526377,-0.00445456,0.064659181,0.00418081,0.083447719,0.058173659,0.003384175,-3.48E-06,0.17608507,0.031005953,-0.000124783,0.116621882,0.013600663,2.493823129,1.518883243,2.307006305
65,TheSaltwaterRoom.mp3,relax,112.3471467,141127,1282.972727,0.286055857,0.287962002,0.082922115,0.430458535,0.278732573,0.077691847,0.241591126,0.158009687,0.024967061,3.844923075,21.6765721,469.8737782,-4.623112931,44.15077657,1949.291072,0.003404315,4.005628969,16.04506343,0.125496849,0.048992537,0.002400269,2338.907356,1113.573007,1240044.842,2418.399109,611.1843948,373546.3644,24.30384751,7.161374809,51.28528916,4904.191178,2175.784994,4734040.339,1.348326971,1.681602572,2.827787211,0.023832239,0.094859533,0.008998331,0.098030397,0.059513487,0.003541855,-4.79E-06,0.11295855,0.012759634,5.04E-06,0.054577395,0.002978692,2.665650794,1.643648071,2.701578982
66,09 Two Days Old.mp3,angry,89.10290948,111193,1263.556818,0.417689522,0.298966076,0.089380715,0.522549055,0.264303343,0.069856257,0.260395108,0.124610276,0.015527721,19.22454323,119.6404072,14313.82704,4.869211736,22.00198358,484.0872815,0.015748295,2.318362461,5.374804498,0.283531308,0.099084117,0.009817662,3110.351939,876.3869878,768054.1524,2907.482606,333.8576598,111460.937,19.0515848,6.838758481,46.76861756,6807.338004,1269.131294,1610694.242,3.826566003,4.369325235,19.09100301,0.013555101,0.06351605,0.004034289,0.159003763,0.095097573,0.009043548,-2.33E-05,0.213585109,0.045618601,-0.000178513,0.138323158,0.019133294,4.024018141,2.299749838,5.288849318
67,Neon Trees - Everybody Talks.mp3,happy,151.9990809,191734,1261.407895,0.355992153,0.305074033,0.093070166,0.538706546,0.258082994,0.066606832,0.264013699,0.116748019,0.0136301,12.82402759,91.66717108,8402.870254,1.406637081,30.78036598,947.4309298,0.012947766,2.574310966,6.627076951,0.227062926,0.108579144,0.01178943,2706.165087,803.4207256,645484.8623,2374.743298,487.6032149,237756.8952,20.16715428,7.200830203,51.85195561,5265.522327,1572.476289,2472681.678,3.173689858,3.900664233,15.21518146,0.007231819,0.063525954,0.004035547,0.143138968,0.070225338,0.004931598,-4.48E-06,0.18379955,0.033782277,2.82E-06,0.116175823,0.013496822,2.604117914,1.286860592,1.656010182
68,04 Cash Cash.mp3,happy,78.30255682,96777,1256.844156,0.365508221,0.291254092,0.084828946,0.520943074,0.268443013,0.072061651,0.259558766,0.126343106,0.01596258,20.55816446,104.627183,10946.84741,5.380153314,25.09520885,629.7695072,0.015801155,2.676035007,7.161163356,0.300100654,0.094890833,0.00900427,2721.043867,868.4274012,754166.1511,2635.11668,434.5194935,188807.1902,20.41124837,6.975921795,48.66348489,5713.632117,1665.208425,2772919.098,4.109289954,4.815355279,23.18764647,-0.010851068,0.071207066,0.005070446,0.133790385,0.072843135,0.005306122,-0.000117496,0.219225794,0.048059948,0.000514581,0.155716091,0.024247503,6.940444444,4.839998338,23.42558391
69,arctic monkeys - why'd you only call me when you're high？.mp3,relax,92.28515625,111096,1248.269663,0.41457777,0.31478,0.099086448,0.554260156,0.273151365,0.074611668,0.271727112,0.097456196,0.00949771,14.39812755,184.0143543,33861.28259,1.978294318,42.94710972,1844.454233,0.007991884,4.448436508,19.78858736,0.204127848,0.142933905,0.020430101,1986.631812,1047.313913,1096866.433,2276.398783,560.0424553,313647.5518,18.79927345,6.880925318,47.34713324,4145.679098,2170.260208,4710029.373,2.124752924,2.937302221,8.627744336,0.00642864,0.054188736,0.002936419,0.080374797,0.071914988,0.005171765,-0.000451762,0.118255407,0.013984341,-0.000574952,0.173323154,0.030040914,3.385469388,1.878946334,3.530439326
70,We Belong To No One.mp3,relax,103.359375,121489,1227.161616,0.412173376,0.289650775,0.083897571,0.475305128,0.283821157,0.080554449,0.247911319,0.147896285,0.021873311,7.804452697,55.05395395,3030.937845,0.63263663,59.00998787,3482.178669,0.010941433,3.3725131,11.37384461,0.157164648,0.092934817,0.00863688,1245.041369,539.0486551,290573.4525,1788.159399,549.0263113,301429.8905,20.84574024,6.862720186,47.09692834,2477.889183,1404.785224,1973421.526,1.695217623,2.360426697,5.571614191,0.011558463,0.078945665,0.006232418,0.046755386,0.02969187,0.000881607,-3.74E-06,0.146138757,0.021356536,-8.21E-05,0.069241516,0.004794388,7.426902494,4.804422827,23.0824787
71,shut up and drive.mp3,angry,89.10290948,101528,1223.228916,0.497648913,0.28241683,0.079759266,0.492667673,0.275597578,0.075954025,0.25567846,0.134021858,0.017961858,8.292530129,67.21583914,4517.969031,2.401315371,31.18292548,972.3748414,0.015840157,3.312206206,10.97070995,0.173984468,0.092418082,0.008541102,2775.458356,776.0725741,602288.6403,2526.664353,479.4346891,229857.6211,19.4205405,7.554897573,57.07647735,5476.258552,1484.051234,2202408.066,2.264807541,2.796061772,7.817961431,0.001092427,0.068352384,0.004672048,0.138363298,0.082233496,0.006762348,1.26E-05,0.13337101,0.017787825,0.000279465,0.107461594,0.011547994,9.6769161,2.692602551,7.250108498
72,fort minor - where'd you go.mp3,sad,89.10290948,101522,1720.711864,0.357657404,0.312469386,0.097637117,0.434210261,0.282075738,0.079566722,0.239007264,0.16189151,0.026208861,18.24857045,138.0752341,19064.77028,-1.214524433,50.37221795,2537.360341,0.01205252,3.04665876,9.282129599,0.240975112,0.152680069,0.023311205,1807.281786,987.3055985,974772.3448,1884.316287,894.1518293,799507.4938,21.78557706,7.770224814,60.37639365,3778.447986,2141.943328,4587921.22,2.877439643,4.240420331,17.98116458,0.013137448,0.092386281,0.008535225,0.076422251,0.051616884,0.002664303,-1.26E-05,0.19134666,0.036613543,-0.000168818,0.156833187,0.02459665,3.431909297,1.924899228,3.705237038
73,fort minor - move on.mp3,happy,89.10290948,116061,1289.566667,0.43896024,0.304058524,0.092451586,0.477003733,0.283489731,0.080366427,0.250725903,0.143072902,0.020469855,15.38231443,134.3040074,18037.56641,1.115886733,38.33583896,1469.636549,0.014241971,3.566889202,12.72269858,0.224433407,0.128151536,0.016422816,2134.07069,986.9069524,973985.3327,2329.643195,562.9839224,316950.8968,20.69355308,7.810789717,61.008436,4416.681626,2049.196628,4199206.82,2.310945856,2.89061576,8.355659473,-0.015435724,0.068884181,0.00474503,0.090439929,0.070420436,0.004959038,2.94E-06,0.189584956,0.035942458,5.23E-05,0.123778969,0.015321232,3.422621315,1.946843307,3.790198863
74,Please shine.mp3,relax,135.9991776,174681,1284.419118,0.29222529,0.294004034,0.086438372,0.447198244,0.26440522,0.06991012,0.248601455,0.146733261,0.02153065,4.054582069,34.36716196,1181.101821,-6.726907508,61.52674398,3785.540225,0.010638452,2.461480429,6.0588859,0.112753592,0.070701741,0.004998737,1254.294883,859.7829785,739226.7701,1470.742892,737.7075734,544212.4639,24.64302681,5.76778726,33.26736988,2469.705899,1806.994089,3265227.639,1.164922068,1.597901581,2.553289463,-0.013558851,0.097424159,0.009491467,0.058985093,0.051229962,0.002624509,-1.04E-05,0.116076082,0.013473656,-8.78E-05,0.039471209,0.001557976,10.99580952,5.328048562,28.38810148
75,WIND.MP3,happy,172.265625,220248,1411.846154,0.323531719,0.307480327,0.094544151,0.452670499,0.272108035,0.074042783,0.24844133,0.147004214,0.021610239,5.915398243,48.55428926,2357.519006,-2.979803751,59.06547574,3488.730425,0.006856921,2.642200168,6.981221728,0.134411007,0.087827779,0.007713719,1620.032314,1016.883392,1034051.833,1878.141506,863.8703587,746271.9966,22.41212876,6.99108866,48.87532066,3304.792516,2385.190419,5689133.335,1.415643064,2.02635437,4.106112031,0.01484042,0.078073448,0.006095463,0.07567339,0.066791752,0.004461138,9.04E-07,0.127622381,0.016287474,2.30E-06,0.068691812,0.004718565,9.117315193,1.927134187,3.713846176
76,Moriah Peters - Brave.mp3,happy,83.35433468,104925,1279.573171,0.261301131,0.301733632,0.091043185,0.412941183,0.295114405,0.087092512,0.239057569,0.161817218,0.026184812,10.495692,80.58170763,6493.411605,-2.198034067,47.00998728,2209.938904,0.010036968,3.448791122,11.8941602,0.191759408,0.110586725,0.012229424,2439.9152,974.8390935,950311.2583,2576.331476,588.3506541,346156.4922,22.65019325,7.505918506,56.33881262,5210.197661,2208.624238,4878021.023,2.181125448,3.237438694,10.4810093,-0.002230068,0.095342793,0.009090248,0.100717456,0.072158124,0.005206795,-7.91E-06,0.17428273,0.030374469,-2.13E-05,0.091337681,0.008342572,3.796462585,2.431135905,5.910421788
77,Lainey Lou - Oceanside.mp3,relax,161.4990234,203285,1278.522013,0.22377812,0.290799688,0.084564459,0.408198391,0.282413669,0.07975748,0.235395762,0.167099278,0.027922169,5.364904941,36.65231061,1343.391873,-9.154981057,65.08186003,4235.648506,0.001170721,3.03026041,9.182478155,0.140612856,0.05736706,0.003290979,1257.367066,968.7097687,938398.616,1491.591388,840.9671428,707225.7353,25.68491794,5.886037401,34.64543628,2308.59854,2089.75599,4367080.097,1.243888275,1.539230147,2.369229446,0.031838877,0.085575922,0.007323238,0.058382678,0.043299047,0.001874807,6.49E-07,0.140438259,0.019722905,-8.68E-07,0.032499757,0.001056234,4.003120181,2.450474324,6.004824415
78,A Wolf At The Door.mp3,sad,143.5546875,171324,1259.735294,0.344986648,0.299521554,0.089713161,0.446675921,0.281523877,0.079255693,0.243250021,0.155443754,0.024162761,9.956716117,51.56228268,2658.668995,0.786217601,45.48100219,2068.52156,0.011697634,3.079806006,9.485205032,0.195834324,0.074896306,0.005609456,1842.288032,875.612553,766697.343,2177.655452,641.1857206,411119.1283,21.9235633,7.224467445,52.19292987,3920.338794,2043.002019,4173857.248,2.331834403,2.827925114,7.997160451,-0.000804155,0.0885003,0.007832303,0.067974457,0.040163361,0.001613096,-1.34E-05,0.162807763,0.026506368,-0.00010155,0.088957533,0.007913442,4.379283447,2.284864775,5.22060704
79,Train - Give It All.mp3,angry,103.359375,127410,1261.485149,0.309597525,0.307883577,0.094792297,0.416523112,0.284799726,0.081110884,0.236599079,0.16539108,0.027354209,9.899345059,75.51993862,5703.261129,-2.803107196,50.04283443,2504.285278,0.010438883,2.668635307,7.121614402,0.187387541,0.091748782,0.008417838,1594.720045,946.5192617,895898.7127,1810.571163,672.7319949,452568.337,22.96565286,6.954034495,48.35859576,3055.160693,1974.526916,3898756.541,1.956756029,2.471949576,6.110534705,-0.012336806,0.092321672,0.008523291,0.072735766,0.05442533,0.002962117,7.96E-06,0.161354586,0.026035301,-0.000168693,0.098673962,0.009736551,3.892825397,2.264014344,5.12576095
80,Train - Angel In Blue Jeans.mp3,sad,117.4538352,145221,1344.638889,0.328626203,0.310391007,0.096342577,0.503294159,0.285800679,0.081682028,0.254732295,0.135811601,0.018444791,10.07417379,88.13760423,7768.237279,-0.698647545,41.07781433,1687.38683,0.010799603,2.62376848,6.884161038,0.193302065,0.086583927,0.007496776,1937.366484,871.3296638,759215.3831,2229.47178,400.2110007,160168.8451,21.65209824,6.516989284,42.47114932,3941.497,1708.990514,2920648.578,2.142132515,2.697207865,7.274930269,0.009112634,0.072734406,0.005290294,0.080081715,0.063544421,0.004037893,6.40E-06,0.140029401,0.019608231,3.53E-05,0.126012355,0.015879113,4.102965986,2.079347911,4.323687736
81,weezer-where-is-my-mind-pixies-cover.mp3,angry,151.9990809,193312,1280.211921,0.393778538,0.308381022,0.095098854,0.342756151,0.297364022,0.088425361,0.204997408,0.20324713,0.041309396,13.07729706,85.64533272,7335.123017,4.770731225,40.41760898,1633.583116,0.012327219,2.035740366,4.144238839,0.216120243,0.095117919,0.009047418,1824.874016,611.8917505,374411.5143,2362.02909,460.1437724,211732.2913,20.20605073,6.603502748,43.60624854,4166.170641,1558.778695,2429791.021,1.930277136,2.306397217,5.319468125,-0.012020443,0.105303433,0.011088813,0.054388182,0.037279964,0.001389796,4.31E-06,0.217358187,0.047244579,1.43E-05,0.048008677,0.002304833,2.766657596,2.024831637,4.099943159
82,Never Fall in Love.mp3,sad,92.28515625,101174,1218.963855,0.233328586,0.302788224,0.091680709,0.304712902,0.305787198,0.093505811,0.201945049,0.206280223,0.042551531,3.94472006,23.85778572,569.1939395,-11.18604105,84.46321995,7134.035524,0.007008283,1.863981011,3.47442521,0.122304678,0.040707916,0.001657134,657.1497031,330.3022906,109099.6032,1038.921961,538.3127943,289780.6645,30.10656295,7.832195101,61.34328009,993.1523279,716.4382649,513283.7874,0.815656137,0.923650529,0.8531303,0.030408718,0.123965801,0.01536752,0.028454288,0.012721655,0.00016184,1.23E-06,0.127337173,0.016214756,-1.44E-05,0.008718585,7.60E-05,4.461714286,2.290060596,5.244377534
83,Someone To Save You.mp3,sad,86.1328125,106223,1249.682353,0.334175777,0.286835152,0.082274404,0.5040147,0.262731413,0.069027795,0.256458962,0.132522203,0.017562134,11.51104783,55.92908183,3128.062194,1.252540871,29.39507775,864.0705958,0.010892374,2.285163626,5.221972798,0.223416254,0.063069396,0.003977749,2221.991125,593.4815906,352220.3983,2251.578612,357.9252134,128110.4584,21.21794761,6.128712502,37.56111693,4460.023031,1213.221001,1471905.198,3.188307946,3.551515664,12.61326351,0.013514048,0.076336974,0.005827334,0.109276928,0.039978446,0.001598276,9.09E-07,0.181586668,0.032973718,-3.81E-05,0.096450508,0.0093027,4.721777778,3.373414918,11.37992821
84,chris-Life After You.mp3,sad,151.9990809,196475,1284.150327,0.342809191,0.293625676,0.086216037,0.414114337,0.279671198,0.078215979,0.232780942,0.170723069,0.029146366,15.80215868,78.18927528,6113.562768,4.53480798,27.95352983,781.39983,0.015895309,2.148498769,4.616046959,0.253533423,0.094370939,0.008905874,2427.549369,699.1195172,488768.0994,2513.277075,358.1919399,128301.4658,20.72686848,6.289292421,39.55519916,5186.243639,1397.140334,1952001.113,3.411175451,4.068801828,16.55514832,-0.001620372,0.089367406,0.007986533,0.10341453,0.045181755,0.002041391,1.75E-06,0.210061446,0.044125814,2.36E-05,0.105643347,0.011160517,2.86185941,1.745051429,3.045204488
85,You.mp3,relax,92.28515625,117579,1292.076923,0.315854149,0.29991256,0.089947543,0.451849664,0.27174035,0.073842818,0.245638855,0.151640648,0.022994886,9.689335068,51.71956067,2674.912956,-1.497189912,33.29434335,1108.513299,0.01276204,2.306518909,5.320029477,0.195786059,0.078860849,0.006219034,2523.77647,765.981299,586727.3504,2745.187296,402.5540265,162049.7442,22.47568475,6.368157255,40.55342683,5722.998727,1631.374762,2661383.613,2.372988131,3.07479723,9.454378005,0.000706471,0.079800758,0.006368161,0.099049855,0.057657762,0.003324418,1.83E-05,0.171888098,0.02954552,7.51E-06,0.075599194,0.005715238,4.613804989,2.364346727,5.590135443
86,Ariana Grande - Problem(Feat. Iggy Azalea).mp3,happy,103.359375,127154,1284.383838,0.384953391,0.315081781,0.099276529,0.483018096,0.295764487,0.087476632,0.252614587,0.139711143,0.019519204,17.47818699,175.4843381,30794.75293,2.455325463,32.26268398,1040.880778,0.007770978,3.276449899,10.73512394,0.248144001,0.132393196,0.017527957,2714.637229,825.4864136,681427.819,2615.973025,430.465379,185300.4425,19.84201332,6.933545706,48.07405606,5598.257815,1626.213293,2644569.675,2.63314311,3.27641402,10.73488883,0.008942323,0.07728191,0.005972494,0.122461656,0.079060787,0.006250608,-4.76E-06,0.224530369,0.050413884,-0.000377188,0.118785039,0.014109886,4.33168254,1.346186258,1.812217441
87,fort minor - be somebody.mp3,angry,117.4538352,149663,1268.330508,0.427950599,0.293158212,0.085941737,0.534662799,0.261086568,0.068166196,0.260781279,0.123800073,0.015326458,21.90923595,111.2364714,12373.55256,4.84158346,46.49608214,2161.885655,0.013582543,3.067546227,9.409839858,0.283450216,0.131801262,0.017371573,1675.445975,836.8582844,700331.7882,1869.94646,765.9359408,586657.8655,21.15164702,10.66340306,113.7081649,3595.165761,1897.674142,3601167.149,4.06280043,5.3063715,28.15757849,-0.005145961,0.061630106,0.00379827,0.073625783,0.047335561,0.002240655,-5.29E-05,0.195374578,0.038171224,-0.00032567,0.168547735,0.028408341,11.94550567,4.530929421,20.52932142
88,with me.mp3,angry,117.4538352,141231,1249.831858,0.286371217,0.289695538,0.083923505,0.471947373,0.269204728,0.072471186,0.247319224,0.1488843,0.022166535,10.77684417,53.8289521,2897.556085,0.224552379,32.95313411,1085.909048,0.014382327,2.298182412,5.2816424,0.208105624,0.073642544,0.005423224,2248.044079,743.5232529,552826.8276,2470.168755,420.2330335,176595.8024,23.06588564,8.887770623,78.99246665,5029.919585,1557.720737,2426493.894,2.551406699,3.074504517,9.452578027,0.018275673,0.075492946,0.005699185,0.092479788,0.050776231,0.002578226,-2.48E-05,0.182238281,0.033210792,-0.000296204,0.073369369,0.005383064,2.528653061,1.395573363,1.947625012
89,dizzy.mp3,sad,117.4538352,146688,1275.547826,0.341416351,0.295352189,0.087232915,0.317682683,0.294650584,0.086818966,0.198369143,0.209721283,0.043983017,5.576230549,39.8725731,1589.822085,1.536523346,60.59656345,3671.943502,0.016007892,3.171195256,10.05647935,0.135796592,0.0743521,0.005528235,1381.098494,961.1819684,923870.7764,1947.457053,622.9397036,388053.8743,24.03755447,5.915142498,34.98891078,2954.611301,2052.135405,4211259.721,1.224492514,1.680079341,2.822666593,-0.017885345,0.118885524,0.014133768,0.046895219,0.06213064,0.003860216,-1.04E-06,0.13637808,0.018598979,-8.76E-05,0.047243863,0.002231983,5.063111111,2.643747346,6.989400028
90,white flag dido.mp3,relax,172.265625,217711,1311.512048,0.349749652,0.301286902,0.090773797,0.456033834,0.274134278,0.075149602,0.245003504,0.152665046,0.023306616,6.246367895,63.65376468,4051.801758,-2.705579056,50.40967365,2541.135197,0.01148576,3.320373537,11.02488042,0.127972439,0.105577901,0.011146693,2150.671256,1091.953239,1192361.877,2289.114448,695.3771292,483549.3518,21.68915106,6.53962629,42.76671201,4574.305673,2163.118148,4679080.124,1.302863017,2.022539864,4.090667502,0.001377329,0.082404363,0.006790479,0.093839947,0.081724863,0.006678953,-1.86E-06,0.115419082,0.013321565,-4.70E-06,0.089570247,0.008022829,24.56090703,5.844863754,34.16243231
91,Almost Paradise.mp3,relax,135.9991776,171464,1339.5625,0.331363649,0.294084488,0.086485686,0.465199757,0.261488018,0.068375984,0.246729522,0.149859522,0.022457876,4.419348779,23.10404874,533.797068,-2.055347615,49.50202934,2450.450909,0.012662622,2.773748543,7.693680982,0.130258098,0.060851783,0.003702939,1913.49014,833.9159912,695415.8804,2141.374283,599.9884164,359986.0998,22.25619933,6.653964644,44.27524549,3913.8305,1759.126092,3094524.609,1.590743632,2.071541617,4.291284673,0.012121534,0.08572234,0.00734832,0.08678689,0.057506738,0.003307025,-2.47E-06,0.112858504,0.012737042,-7.06E-05,0.057843935,0.003345921,6.860335601,3.030506326,9.183968594
92,No One s Gonna Love You.mp3,sad,151.9990809,186682,1305.468531,0.310062935,0.317717187,0.100944211,0.427863146,0.29412046,0.086506845,0.236064608,0.166153044,0.027606834,1.103421052,9.461505512,89.52008655,-9.257562315,72.27887117,5224.235218,0.007764725,2.5030193,6.265105618,0.058111515,0.037197098,0.001383624,1722.159817,893.801903,798881.8418,2084.207483,829.5503876,688153.8455,22.15458744,5.738167763,32.92656928,3578.440862,2210.27535,4885317.123,0.550417335,0.75031008,0.562965216,-0.004324254,0.091030444,0.008286542,0.069994664,0.058010124,0.003365174,2.30E-07,0.058252748,0.003393383,-6.71E-06,0.027350442,0.000748047,11.83753288,5.402129311,29.18300109
93,Arctic Monkeys - Do I Wanna Know.mp3,angry,86.1328125,100162,1236.567901,0.420016481,0.303473933,0.092096428,0.47029912,0.283621309,0.080441047,0.252470821,0.139393576,0.019430569,6.805898929,51.80319209,2683.570711,2.278766486,52.96087693,2804.854485,0.012142492,3.624069995,13.13388333,0.153910354,0.075955868,0.005769293,1434.555861,779.6915471,607918.9086,1728.537175,619.6799127,384003.1942,21.49190646,9.169955725,84.08808799,2892.565842,1613.538271,2603505.753,1.67102273,2.139764091,4.578590365,0.017846491,0.070892476,0.005025743,0.057168778,0.045603792,0.002079706,3.24E-06,0.126293719,0.015950102,9.27E-06,0.077706605,0.006038317,6.638585034,2.927417508,8.569773266
94,Soulmate.mp3,sad,172.265625,217248,1285.491124,0.279951681,0.302538172,0.091529346,0.411531838,0.276409603,0.076402268,0.239726573,0.160824449,0.025864503,3.073762304,30.46158848,927.9083725,-7.75727195,58.20228252,3387.505691,0.010847185,2.633260371,6.934060184,0.097655155,0.066744886,0.00445488,2010.286566,1159.325408,1344035.403,2436.319676,699.4283327,489199.9926,23.79056926,6.104734413,37.26778225,4365.661101,2616.561625,6846394.738,0.950812548,1.426673117,2.035396184,0.005771049,0.095587523,0.009136974,0.074165273,0.07199155,0.005182783,2.46E-08,0.09957467,0.009915115,-2.49E-05,0.038996845,0.001520754,2.780589569,1.834359884,3.364876184
95,fort minor - kenji.mp3,angry,103.359375,131744,1317.44,0.342542347,0.309735027,0.095935787,0.50903371,0.284102768,0.080714383,0.258613152,0.128267577,0.016452571,11.02509767,94.21813994,8877.057894,-1.912822136,40.66811202,1653.895336,0.012966203,3.333969756,11.11535433,0.199013159,0.110086843,0.012119113,2353.4491,1028.959766,1058758.199,2161.443382,712.6977209,507938.0414,21.21726606,8.24979847,68.0591748,4676.863386,1987.626069,3950657.391,2.650994402,3.592118626,12.90331622,-0.012855927,0.069945237,0.004892336,0.123225256,0.074435725,0.005540677,-4.22E-05,0.116163306,0.013493913,-0.000183314,0.163651451,0.026781796,3.717514739,1.474675537,2.174667938
96,broken ones.mp3,sad,73.828125,91429,1252.452055,0.269460628,0.296824555,0.088104817,0.373056042,0.286065334,0.081833375,0.219968779,0.186941353,0.03494707,5.966990718,45.88675666,2105.594437,-0.510929406,49.99794268,2499.794272,0.010424728,2.253247891,5.077126057,0.146778241,0.089354403,0.007984209,1923.482916,999.3467741,998693.9749,1974.672186,674.9550967,455564.3825,24.35051499,6.901856354,47.63562113,3595.865756,1875.261794,3516606.795,1.706728698,2.474609152,6.123690457,-0.000610449,0.111108565,0.012345113,0.099357865,0.067021157,0.004491836,0.000708457,0.142343745,0.020261742,0.001402838,0.060339648,0.003640873,7.536036281,4.817810323,23.21129631
97,OneRepublic - I Lived.mp3,happy,123.046875,149867,1259.386555,0.283767612,0.304299818,0.092598379,0.423471822,0.283870469,0.080582443,0.236913556,0.164940293,0.0272053,4.145699155,32.93012009,1084.392809,-1.573850605,44.65593661,1994.152675,0.011200582,2.8165901,7.933179792,0.118467569,0.068898335,0.00474698,2470.730306,908.5842038,825525.2554,2607.02067,350.7602474,123032.7512,22.23833079,6.636349008,44.04112815,5351.930138,1685.02732,2839317.069,1.324046165,1.849797372,3.421750317,-0.016336675,0.087857577,0.007718954,0.106309637,0.079201811,0.006272927,-3.17E-05,0.108336128,0.011736716,2.45E-05,0.055500876,0.003080347,1.77168254,1.06675666,1.137969772
98,Eminem - Space Bound.mp3,sad,143.5546875,173063,1573.3,0.432178389,0.292480967,0.085545116,0.493372464,0.287626197,0.082728829,0.247197246,0.149086737,0.022226855,11.55577744,69.03290185,4765.541538,1.980217209,39.59136962,1567.476549,0.01257658,2.901834554,8.420643779,0.195772037,0.121114008,0.014668603,2409.029501,1019.720099,1039829.08,2419.904393,618.5177277,382564.1794,19.85296481,6.750325288,45.5668915,4933.249336,2067.700501,4275385.363,2.411920073,3.39671947,11.53770316,-0.005928787,0.077141365,0.00595079,0.111779369,0.059174489,0.00350162,2.16E-06,0.166568175,0.027744954,9.73E-05,0.112949945,0.01275769,16.9981678,2.782749301,7.743693673
99,Virginia To Vegas - Colourful.mp3,happy,75.99954044,88244,1242.873239,0.299994317,0.304915823,0.092973659,0.42730867,0.288679492,0.083335849,0.244048053,0.154187811,0.023773881,13.35849324,79.87583967,6380.149763,-3.459605727,34.76558598,1208.645968,0.011659374,3.345569352,11.19283429,0.235651404,0.096990474,0.009407152,2837.361378,962.1075008,925650.843,2596.850836,588.7254736,346597.6832,21.87556293,7.22227193,52.16121183,5953.293168,1872.215202,3505189.764,2.796329854,3.593831243,12.915623,-0.01958232,0.088407041,0.007815805,0.133680031,0.078879364,0.006221954,5.31E-06,0.192982614,0.03724229,-6.56E-05,0.119043402,0.014171332,3.653659864,1.862571478,3.469172512
100,21guns-greenday.mp3,angry,78.30255682,82719,1165.056338,0.333812845,0.298081491,0.088852575,0.466381691,0.274359561,0.075273169,0.251350002,0.141973624,0.02015651,9.6901957,56.20265964,3158.738951,0.463643116,34.91135944,1218.803018,0.012239949,2.667645237,7.11633111,0.193429887,0.082047246,0.006731751,2165.373752,745.5362922,555824.3629,2274.577377,494.7867742,244813.9519,22.15866767,6.846101192,46.86910154,4552.939136,1576.052775,2483942.35,2.404558176,3.082379706,9.501064652,-0.006490544,0.083710089,0.007007379,0.091793285,0.048666413,0.00236842,-6.04E-07,0.172303736,0.02968858,-0.000150302,0.075170398,0.005650588,6.698956916,3.585325669,12.85456015
101,No Love feat Lil Wayne.mp3,angry,129.1992188,165664,1284.217054,0.443970572,0.278183826,0.077386241,0.318967505,0.286054694,0.081827288,0.197108602,0.210906454,0.044481532,8.714407788,59.0436875,3486.157034,6.117972144,30.75860356,946.0916931,0.004982109,2.152930756,4.635110838,0.193632498,0.069188379,0.004787032,2536.776595,1171.616789,1372685.9,2555.145845,582.2715653,339040.1758,20.07207173,6.764242938,45.75498253,5412.883936,2191.387979,4802181.276,2.414456428,2.865393302,8.210478776,0.014643362,0.108633108,0.011801152,0.109562263,0.093391689,0.008722008,-6.87E-06,0.158111379,0.024999209,-0.000155604,0.092393503,0.00853656,6.590984127,4.203018809,17.66536711
102,Try Try Try-Jason Mraz.mp3,relax,172.265625,217404,1333.766871,0.398692656,0.316409618,0.100115046,0.509548547,0.281355755,0.079161061,0.260273551,0.124863975,0.015591012,13.38721271,81.23129907,6598.523949,2.819634025,52.34535122,2740.035794,0.012025601,4.824975251,23.28038617,0.218583718,0.1040411,0.010824551,1913.30502,1154.673504,1333270.902,2275.952341,615.0546894,378292.2709,20.19128542,7.305517727,53.37058925,3978.525942,2367.847235,5606700.527,2.282309301,3.113932763,9.696577251,0.007012953,0.068732586,0.004724168,0.078944534,0.086960833,0.007562186,3.22E-05,0.162670329,0.026461635,-2.97E-05,0.130350709,0.016991308,4.186557823,1.165588529,1.358596619
103,Jessica Ashley - So Wrong.mp3,angry,89.10290948,114078,1267.533333,0.381638524,0.302236347,0.091346809,0.555872992,0.25457219,0.064807,0.268506901,0.106006497,0.011237377,5.267404258,29.48060164,869.1058733,3.259730951,32.53517993,1058.537933,0.003477589,3.266771272,10.67179454,0.151407465,0.06299632,0.003968537,2587.435798,869.0086475,755176.0294,2400.486153,396.1908264,156967.1709,20.1897853,7.299041791,53.27601107,4998.961439,1545.839432,2389619.548,2.049335862,2.507309108,6.286598963,0.001775328,0.052161831,0.002720857,0.140004444,0.071733335,0.005145671,-3.67E-07,0.09490937,0.009007789,8.71E-05,0.104323164,0.010883322,3.263564626,2.096987856,4.39735807
104,U2 - The Miracle(Of Joey Ramone).mp3,angry,135.9991776,171249,1277.977612,0.354932164,0.300999582,0.090600748,0.545752006,0.253296094,0.064158911,0.267629773,0.108201838,0.011707638,5.576703896,46.8831339,2198.028244,1.177094891,33.46346334,1119.803378,0.010961119,2.242230093,5.027595789,0.144704759,0.068814173,0.00473539,2662.790535,936.2670317,876595.9546,2694.848472,477.0468465,227573.6938,20.06457467,6.789788007,46.10122118,5834.385554,1630.990783,2660130.933,1.726999388,2.082926501,4.338582807,0.010269334,0.057558789,0.003313014,0.114561099,0.076354937,0.005830076,1.95E-06,0.115234405,0.013278968,2.27E-05,0.069872491,0.004882165,3.257759637,1.774619879,3.149275714
105,pedalo.mp3,relax,99.38401442,125549,1281.112245,0.254086231,0.304724317,0.092856909,0.402902659,0.290523452,0.084403876,0.238060949,0.163279876,0.026660318,2.859654048,43.84298234,1922.2071,-9.741478458,66.29038412,4394.415026,0.00802552,3.807109129,14.49407992,0.08596655,0.071202882,0.00506985,1616.281805,1062.779863,1129501.036,1743.036717,671.277151,450613.0135,22.87710112,6.509718191,42.37643092,2762.27913,2014.496371,4058195.628,0.756650761,1.168313614,1.3649567,-0.008328774,0.092814364,0.008614506,0.085604925,0.073356547,0.005381183,-1.14E-06,0.097190261,0.009445947,1.51E-05,0.034003235,0.00115622,4.666049887,2.608330435,6.803387656
106,family of the year - hero.mp3,relax,117.4538352,148408,1279.37931,0.270777653,0.294341307,0.086636805,0.449890969,0.269100704,0.072415189,0.248063036,0.147641672,0.021798063,8.420339859,55.7421218,3107.184143,-4.923356158,42.66765735,1820.528984,0.008427966,2.373062939,5.631427713,0.180962488,0.071825929,0.005158964,1787.0173,687.6182308,472818.8314,2094.368303,457.9220234,209692.5795,23.81861618,6.971655899,48.60398598,3745.381519,1431.919404,2050393.18,1.873699519,2.274019718,5.171165676,-0.000545538,0.089738978,0.008053084,0.07494248,0.042132331,0.001775133,-2.99E-06,0.170891449,0.029203886,-7.46E-05,0.053681437,0.002881697,2.337088435,1.141498143,1.303018009
107,along the wall.mp3,sad,99.38401442,126771,1280.515152,0.26703053,0.299722409,0.089833523,0.439293097,0.275093013,0.075676166,0.239701252,0.160862187,0.025876643,7.358432821,47.0781498,2216.352188,-1.290232151,51.23919853,2625.455466,0.007389813,2.408917558,5.802883799,0.161442801,0.081078969,0.0065738,1648.691205,853.2702756,728070.1632,1932.623569,779.9234725,608280.623,23.23543658,6.212426276,38.59424023,3354.204718,1864.204364,3475257.911,1.720021503,2.181432379,4.758647224,0.018850086,0.092467621,0.008550261,0.071718954,0.045422122,0.002063169,-5.26E-05,0.157754928,0.024886616,2.62E-05,0.054904748,0.003014531,4.911020408,2.576447286,6.638080619
108,U2 - With Or Without You.mp3,sad,107.6660156,135973,1270.775701,0.392887337,0.303852789,0.092326518,0.391736145,0.296594692,0.087968411,0.223663224,0.182505056,0.033308096,3.508622279,23.78768902,565.8541488,1.40968023,74.57364229,5561.228125,0.012997724,3.601320109,12.96950653,0.114216171,0.045056593,0.002030096,1173.867169,813.9303412,662482.6004,1750.64839,691.2477992,477823.5199,23.2702206,7.562487929,57.19122368,2584.317706,1902.474646,3619409.778,0.855978336,1.021762116,1.043997821,-0.003305046,0.089107995,0.007940235,0.042180206,0.026065942,0.000679433,4.54E-06,0.112546019,0.012666607,-2.87E-05,0.027455658,0.000753813,2.676099773,1.317635247,1.736162643
109,ariana grande - one last time.mp3,happy,63.02400915,76456,1318.206897,0.338597432,0.311248835,0.096875838,0.473299346,0.301185778,0.090712873,0.243684703,0.154761426,0.023951099,15.73464087,111.1361477,12351.24333,3.393079872,48.6163825,2363.552648,0.014411182,2.888501326,8.343439911,0.236250088,0.111853145,0.012511127,2086.581421,1007.298282,1014649.829,2617.808932,893.9196473,799092.3359,22.55647826,7.040857377,49.57367261,5147.614706,2691.791619,7245742.123,2.205449119,2.937268433,8.627545849,-0.003356556,0.08265427,0.006831728,0.063815185,0.042363201,0.001794641,4.92E-06,0.192384601,0.037011836,0.000142214,0.121482588,0.014758019,4.913342404,1.752459066,3.071112777
110,Bruno Mars-Talking To The Moon.mp3,sad,143.5546875,183855,1276.770833,0.254280634,0.29517858,0.087130394,0.410775206,0.275146204,0.075705433,0.233966598,0.169094542,0.028592964,10.48327002,89.52077712,8013.969535,-4.802757179,47.4337297,2249.958714,0.010820439,2.401650902,5.767927057,0.18060343,0.116574191,0.013589541,1791.457144,921.8394589,849787.9879,2032.327298,541.6148729,293346.6705,23.54978965,5.973816264,35.68648076,3441.375024,1819.277753,3309771.541,1.855204224,2.540574183,6.454517178,0.00776726,0.101067825,0.010214705,0.078595897,0.06380929,0.004071625,6.15E-06,0.194111422,0.037679244,-0.000137769,0.056133516,0.003150972,4.228353741,2.233789808,4.989816908
111,Young for you.mp3,happy,117.4538352,151227,1350.241071,0.428950587,0.315344431,0.09944211,0.457738137,0.283085807,0.080137574,0.250357602,0.143716402,0.020654404,11.4398251,77.93811481,6074.349741,0.110904777,46.9322027,2202.63165,0.009555936,3.211513299,10.31381767,0.196606785,0.110040024,0.012108807,2356.676526,776.9441567,603642.2226,2506.326418,567.4357583,321983.3398,21.20886634,8.676039542,75.27366213,5230.939203,1799.399942,3237840.151,2.034121255,2.626449356,6.898236218,0.005708525,0.082155222,0.00674948,0.100861446,0.059226439,0.003507771,6.75E-05,0.18816562,0.035406303,-0.000136531,0.077008776,0.005930352,7.323573696,1.915912214,3.670719612
112,The Weepies-Gotta Have You.mp3,relax,151.9990809,189562,1334.943662,0.264838621,0.300406717,0.090244196,0.407675321,0.288186619,0.083051527,0.233633693,0.169554213,0.028748631,8.924941547,56.01230641,3137.378469,-0.381986743,55.20929314,3048.066049,0.010800305,2.934492241,8.611244714,0.17863439,0.078815371,0.006211862,1390.265013,739.6336989,547058.0086,2061.391933,562.6202835,316541.5834,23.08428309,6.208203513,38.54179085,2762.30413,1957.609276,3832234.077,1.61485624,2.020961828,4.084286711,-0.005943251,0.095064817,0.00903732,0.045146552,0.031019884,0.000962233,-1.39E-05,0.16993843,0.028879069,-2.01E-05,0.061714396,0.003808666,5.037569161,1.361162278,1.852762746
113,the i collapse-eminem.mp3,angry,172.265625,208183,1416.210884,0.474570101,0.285713516,0.081632213,0.422853008,0.294935397,0.086986888,0.229949744,0.174517761,0.030456449,16.63847107,150.3989058,22619.83087,5.634008942,41.76071774,1743.957546,0.013902799,3.090534205,9.55140167,0.25081867,0.131050929,0.017174345,2081.437636,1083.291163,1173519.745,2000.085047,609.5254952,371521.3293,22.43340782,9.87661932,97.54760919,4097.166892,2017.38338,4069835.701,3.235300847,4.212942278,17.74888264,-0.021172017,0.087171419,0.007598856,0.11479787,0.091541629,0.00837987,-7.83E-06,0.168498412,0.028391717,-0.000179354,0.162078291,0.026269374,9.238058957,1.096175547,1.20160083
114,celine dion - i surrender.mp3,angry,75.99954044,94480,1259.733333,0.264785356,0.302266697,0.091365156,0.404361054,0.286430778,0.08204259,0.229447825,0.175177136,0.030687029,1.832839966,23.50943111,552.693351,-6.857331543,61.69163963,3805.858401,0.011413981,2.512437893,6.312344166,0.075309023,0.052012578,0.002705308,1824.665929,964.3291271,929930.6654,2177.640749,493.8246541,243862.789,22.76192237,5.940537175,35.28998193,3725.198308,1841.443034,3390912.446,0.73785054,1.077825398,1.161707589,0.01513802,0.09757356,0.0095206,0.071050591,0.072578246,0.005267602,-9.23E-05,0.082283787,0.006770622,-0.000282961,0.024555663,0.000602981,4.308462585,2.565247807,6.580496311
115,shape of my heart.mp3,sad,83.35433468,105135,1266.686747,0.323379957,0.300575935,0.090345892,0.379813592,0.285657838,0.081600401,0.224385066,0.181616837,0.032984676,2.060030269,13.48947677,181.9659835,-2.538592541,67.39901158,4542.626762,0.010934057,2.953535562,8.723372313,0.086926252,0.038326789,0.001468943,1511.152362,1109.065053,1230025.291,1986.087211,840.688763,706757.5962,22.76166462,7.017846341,49.25016726,3158.947565,2529.984265,6400820.383,0.818337057,1.068094131,1.140825073,-0.020382028,0.100745393,0.010149634,0.054758739,0.060059661,0.003607163,1.45E-07,0.081590846,0.006657066,-1.01E-05,0.032716077,0.001070342,3.062712018,1.802755468,3.249927278
116,Rixton - Me And My Broken Heart.mp3,happy,172.265625,220531,1289.654971,0.364416746,0.308370615,0.095092436,0.502741711,0.282050828,0.07955267,0.256264437,0.132897974,0.017661871,9.160277932,87.47078299,7651.137877,0.388268724,32.92710868,1084.194486,0.013348368,3.002156445,9.012943323,0.18206048,0.094391413,0.00890974,2753.628203,939.1282559,881961.881,2688.541594,393.407118,154769.1605,20.92258052,6.993014564,48.90225269,5979.959673,1634.989647,2673191.147,2.066182077,2.637194937,6.954797133,0.008956109,0.078152014,0.006107737,0.126392471,0.084290006,0.007104805,1.06E-05,0.154113308,0.023750911,-4.66E-05,0.092823267,0.008616159,3.059229025,1.520452755,2.311776579
117,gotye - somebody that i used to know.mp3,sad,129.1992188,163392,1286.551181,0.337810907,0.310188864,0.096217131,0.470875769,0.280960134,0.078938597,0.258376487,0.128743637,0.016574924,3.454686137,24.7994473,615.0125863,-0.209854108,65.45978984,4284.984086,0.012999539,3.821970894,14.60746151,0.109291241,0.053530097,0.002865471,1137.248717,815.4289673,664924.4007,1694.239809,464.2122749,215493.0362,19.35516745,7.158828177,51.24882087,2225.711541,1675.408445,2806993.458,1.063470905,1.46855984,2.156668003,0.000366119,0.076162135,0.005800671,0.041212714,0.058198358,0.003387049,0.000203903,0.085324734,0.00728031,-0.000143111,0.062399365,0.003893681,3.037170068,1.446728028,2.093021986
118,ariana grande - my everything.mp3,sad,123.046875,135603,1200.026549,0.230485383,0.301838972,0.091106765,0.397813545,0.279401991,0.078065472,0.23992745,0.160524615,0.025768152,10.36569214,87.99406556,7742.955574,-4.337965117,45.25876489,2048.355799,0.009020521,2.49458085,6.222933616,0.192418888,0.099630833,0.009926303,2501.270643,1163.213475,1353065.589,2658.452148,888.0392742,788613.7526,23.40441632,6.247441605,39.03052661,5598.645312,2644.043204,6990964.463,1.689084924,2.129539014,4.534936412,-0.021302327,0.094252854,0.008883601,0.099563646,0.077759226,0.006046497,-6.17E-06,0.183487907,0.03366781,1.01E-05,0.070861027,0.005021285,7.375818594,3.359585419,11.28681419
119,U2 - Ordinary Love.mp3,happy,123.046875,124420,1752.394366,0.297170547,0.298285756,0.088974392,0.369357288,0.282942237,0.080056309,0.221422574,0.185217108,0.034305377,1.219176841,10.4640278,109.4958779,-10.05963953,72.9960233,5328.419418,0.011329876,2.439283741,5.950105167,0.061690126,0.039476406,0.001558387,1636.464746,1020.919655,1042276.943,1852.775785,742.2408626,550921.4981,24.51174102,6.444713813,41.53433613,3187.334893,2237.079336,5004523.954,0.56257034,0.756899553,0.572896933,-0.014062608,0.100795574,0.010159748,0.075435674,0.062908039,0.003957421,5.64E-06,0.066056192,0.00436342,-1.09E-06,0.019001056,0.00036104,14.75279819,7.402360847,54.79494611